https://www.google.pl/maps/place/Zoo+Gda%C5%84sk/@54.4206255,18.5059221,13.39z/data=!4m5!3m4!1s0x0:0xa4b496f770f8f96e!8m2!3d54.4149844!4d18.5362959?hl=pl
https://www.google.pl/maps/place/Kartuzy/@54.3362758,18.1785754,14z/data=!3m1!4b1!4m5!3m4!1s0x46fd9a7cf97459e7:0x672209d507f6e0b!8m2!3d54.3343427!4d18.1971359?hl=pl
https://www.google.pl/maps/place/%C5%81apalice/@54.3439024,18.1248128,14z/data=!3m1!4b1!4m5!3m4!1s0x46fd90f241dee6d3:0x78bb3af5bd44aa0!8m2!3d54.344613!4d18.1392539?hl=pl
https://www.google.pl/maps/place/Sztutowo/@54.3283309,19.1635032,15z/data=!3m1!4b1!4m5!3m4!1s0x46fd38b3b6ccfe67:0xaf3f3f0eea3f41a3!8m2!3d54.3260346!4d19.179039?hl=pl
https://www.google.pl/maps/place/Rezerwat+przyrody+Ostrzycki+Las/@54.264359,18.0752463,13.63z/data=!4m5!3m4!1s0x0:0xf91b9e1db5b9aac!8m2!3d54.2447918!4d18.1045246?hl=pl
https://www.google.pl/maps/place/Gda%C5%84sk+Golf+%26+Country+Club/@54.1313779,18.4474935,14z/data=!4m5!3m4!1s0x0:0x822a15f2c5b78127!8m2!3d54.1371804!4d18.4582007?hl=pl
https://www.google.pl/maps/place/Rezerwat+Przyrody+Mewia+%C5%81acha/@54.3394901,18.9633035,13.77z/data=!4m5!3m4!1s0x0:0x2164dada13c5612c!8m2!3d54.3521045!4d18.9386702?hl=pl
https://www.google.pl/maps/place/K%C4%85ty+Rybackie/@54.3393028,19.2209615,15z/data=!3m1!4b1!4m5!3m4!1s0x46fd38e5c9bdc9eb:0x7c31158bb0c39449!8m2!3d54.3392468!4d19.2296791?hl=pl
https://www.google.pl/maps/place/Mechelinki/@54.6086994,18.5030418,15z/data=!3m1!4b1!4m13!1m7!3m6!1s0x0:0x2164dada13c5612c!2sRezerwat+Przyrody+Mewia+%C5%81acha!3b1!8m2!3d54.3521045!4d18.9386702!3m4!1s0x46fdaf51a0d490d7:0xed4ac06aea53fc3b!8m2!3d54.6086892!4d18.5117912?hl=pl
https://www.google.pl/maps/place/%C5%BBarnowiec/@54.7875789,18.0763848,15.06z/data=!4m5!3m4!1s0x46fdcb8e1d843c9d:0xb422f926594a6696!8m2!3d54.7874235!4d18.0856848?hl=pl
https://www.google.pl/maps/place/D%C4%99bki/@54.8274718,18.0784074,15z/data=!3m1!4b1!4m5!3m4!1s0x46fdcca2d600345d:0xd3115be1bc17de50!8m2!3d54.8295678!4d18.0872726?hl=pl
https://www.google.pl/maps/place/Bieszkowice/@54.516979,18.2803482,15.29z/data=!4m5!3m4!1s0x46fdbcce8cc52015:0xa6056ef460cf5100!8m2!3d54.5156511!4d18.2903481?hl=pl
https://www.google.pl/maps/place/Rezerwat+archeologiczny+-+Kamienne+Kr%C4%99gi/@54.2323438,17.8449477,14.38z/data=!4m5!3m4!1s0x0:0x712753aaa953705e!8m2!3d54.2177819!4d17.8400534?hl=pl
https://www.google.pl/maps/@54.2573909,18.0039209,14.46z?hl=pl